@timestamp,@requestId,@duration,@billedDuration,@initDuration,@maxMemoryUsed,@memorySize
2026-08-16 11:04:56.920,5a49ec9d-0a8b-4918-97b6-d9ce44e63254,27976.87,27977,,2859000000,10240000000
2026-08-16 11:04:55.294,a1c19a93-9d7b-4c94-ae07-0a45923a28a0,27406.15,27407,,2884000000,10240000000
2026-08-16 11:04:54.814,00c0e940-5f9c-454e-bc45-f92b86590cc2,27899.3,27900,,2859000000,10240000000
2026-08-16 11:04:53.120,0110bcbc-1610-4fcf-b8be-9fb9ba979277,27268.48,27269,,2877000000,10240000000
2026-08-16 11:04:52.760,7fc675d9-2458-4e92-bf58-f35415d48237,27906.94,27907,,2889000000,10240000000
2026-08-16 11:04:51.126,132838b4-cce4-4faf-a0b5-116188113044,27246.06,27247,,2877000000,10240000000
2026-08-16 11:04:50.815,46a110ec-6dde-4eca-96bf-8c79c5dea738,27946.07,27947,,2894000000,10240000000
2026-08-16 11:04:48.996,86cac387-73fa-43a5-981b-a78c15363966,27187.53,27188,,2921000000,10240000000
2026-08-16 11:04:47.848,a1e9bb5d-d7a9-4332-bac5-d3ee405c060a,27239.21,27240,,2898000000,10240000000
2026-08-16 11:04:47.216,84930f9a-b1e3-452d-8ceb-ae86ec31811b,27863.91,27864,,2891000000,10240000000
2026-08-16 11:04:46.057,fc6985c5-29fa-43c0-b1e7-6f9918c8b99f,27896.13,27897,,2893000000,10240000000
2026-08-16 11:04:45.040,2519de4e-b7c8-4e49-acf8-67b879f9bc5b,28005.89,28006,,2880000000,10240000000
2026-08-16 11:04:43.742,fc1fe5a3-64a7-4cfa-851c-ff7c83acf661,27776.07,27777,,2896000000,10240000000
2026-08-16 11:04:42.811,2c1962e7-5656-4863-b266-fcae123a5fce,27860.72,27861,,2901000000,10240000000
2026-08-16 11:04:41.747,9b99018a-b08b-43ac-817d-e624cfa6f174,28006.56,28007,,2875000000,10240000000
2026-08-16 11:04:40.512,4b962129-9da5-4a42-b14e-6b987fae944d,28019.37,28020,,2895000000,10240000000
2026-08-16 11:04:38.986,3e8b7c3a-249e-4b38-bcaa-fcd23be2118b,27899.1,27900,,2908000000,10240000000
2026-08-16 11:04:37.619,eb8f5dff-8512-410c-9a49-af0badd05a0e,27876.62,27877,,2892000000,10240000000
2026-08-16 11:04:36.034,f7fda84f-2f9f-4150-a1d0-663de06d14e8,27582.71,27583,,2906000000,10240000000
2026-08-16 11:04:35.234,6fb3498c-0c85-4bf8-a3fb-90ff98c1d389,27774.03,27775,,2886000000,10240000000
2026-08-16 11:04:34.040,6f08b7e5-48f6-46dd-9b6e-9998d80e3c9e,27575.6,27576,,2905000000,10240000000
2026-08-16 11:04:33.328,614d9b05-ba8d-452e-9164-9ddc1dbf2302,27902.97,27903,,2902000000,10240000000
2026-08-16 11:04:32.174,e8ffe5e9-62e3-40c8-894e-8df9f4f89b5e,27783.6,27784,,2919000000,10240000000
2026-08-16 11:04:31.227,eb7c324f-905d-4f6e-b7d7-52498cc0ec8c,27932.4,27933,,2906000000,10240000000
2026-08-16 11:04:30.177,caef869b-c9cd-464d-b753-0ea25e11e0ad,27864.72,27865,,2886000000,10240000000
2026-08-16 11:04:29.177,dcf22593-1f7c-437d-8621-57c4cb430f11,27914.07,27915,,2857000000,10240000000
2026-08-16 11:04:28.156,59df6586-8c22-462f-b5c0-5736a5161774,27933.16,27934,,2859000000,10240000000
2026-08-16 11:04:27.285,f4c60ad2-85a2-4217-b1ae-a2ece44fe02a,28059.38,28060,,2884000000,10240000000
2026-08-16 11:04:26.227,3860fbe7-1fbf-497d-9a25-22da14a549fd,27974.69,27975,,2838000000,10240000000
2026-08-16 11:04:25.137,cf18352c-49c7-438c-adea-68dded075443,27945.52,27946,,2877000000,10240000000
2026-08-16 11:04:23.919,09b82560-d9c1-4c99-84eb-1000b8977533,27887.62,27888,,2875000000,10240000000
2026-08-16 11:04:22.035,a9337c9d-f56b-4134-9205-43e1b127c453,27350.88,27351,,2890000000,10240000000
2026-08-16 11:04:21.569,fa8a9dc3-0cf7-46e9-ba6a-e2989a6caa00,27880.81,27881,,2921000000,10240000000
2026-08-16 11:04:20.691,42bca6aa-3351-4a0d-a9b7-31fd7dff2022,27967.26,27968,,2877000000,10240000000
2026-08-16 11:04:19.574,e8caa0d5-3752-417b-b625-642ed181a3fa,27835.82,27836,,2898000000,10240000000
2026-08-16 11:04:18.628,f92a23de-bc81-4c9e-8aed-7967b8d25702,27956.44,27957,,2891000000,10240000000
2026-08-16 11:04:17.629,edb18b20-9a82-4d64-862f-2552a23f3f73,27969.4,27970,,2874000000,10240000000
2026-08-16 11:04:16.809,61b15fcd-c435-482f-9e9f-47ef8830c23d,28104.47,28105,,2876000000,10240000000
2026-08-16 11:04:14.988,608a6c16-28e7-4b07-857f-8ee9e85e1423,27273.75,27274,,2870000000,10240000000
2026-08-16 11:04:13.876,43f9225d-2a6a-48e0-a63c-3a203d54b84c,27193.01,27194,,2901000000,10240000000
2026-08-16 11:04:13.521,a88cb6ec-ec83-4aa6-a189-3f43e054b857,27803.94,27804,,2874000000,10240000000
2026-08-16 11:04:12.718,98a07d40-b4c0-40cf-854b-cc5eebb305cb,27974.54,27975,,2899000000,10240000000
2026-08-16 11:04:10.638,46155c16-a48c-49cb-80ce-021987d57936,27846.61,27847,,2908000000,10240000000
2026-08-16 11:04:10.636,6b5921ba-c249-4260-83ec-bc8604c2f6cf,26868.59,26869,,2895000000,10240000000
2026-08-16 11:04:08.933,dbdfe124-6b77-4417-b516-12d054717c23,27151.6,27152,,2885000000,10240000000
2026-08-16 11:04:08.296,85dee378-cf01-4ec1-97c3-a995194ad0ba,27490.08,27491,,2904000000,10240000000
2026-08-16 11:04:07.711,cb556295-8138-4c97-9438-69b3fd0fda77,27875.67,27876,,2883000000,10240000000
2026-08-16 11:04:06.850,5a1555ef-360b-4e35-a756-8a787a787cce,28002.3,28003,,2886000000,10240000000
2026-08-16 11:04:05.687,bd086585-b4ba-43d7-b5eb-742893def872,27820.21,27821,,2905000000,10240000000
2026-08-16 11:04:04.219,762f5175-1a79-438f-a5b0-9448e5587c49,27288.6,27289,,2896000000,10240000000
2026-08-16 10:59:44.734,a8846a80-6e63-4def-85a6-78fb7b05b4c3,27270.56,27271,,2891000000,10240000000
2026-08-16 10:59:44.375,dedbdb49-61f9-454c-9296-d1fc0f68c944,27851.84,27852,,2892000000,10240000000
2026-08-16 10:59:43.603,42c9431a-b4eb-4d60-a6aa-1b4ba05f017b,28008.34,28009,,2886000000,10240000000
2026-08-16 10:59:41.905,9084795e-f8d5-4a83-9d80-dd2a5877a861,28082.69,28083,,2878000000,10240000000
2026-08-16 10:59:40.219,d6873489-740f-4d93-9d9e-038f5d1e0d5c,27326.77,27327,,2878000000,10240000000
2026-08-16 10:59:39.854,3650fc73-7f9a-4a6a-bfd7-9f29861a5edc,27933.59,27934,,2880000000,10240000000
2026-08-16 10:59:38.882,89e562cc-fa0b-459a-94f9-f2cd6c8c69d3,27967.31,27968,,2908000000,10240000000
2026-08-16 10:59:37.798,945fe4ad-2764-4773-acbb-05912e162e1f,27846.53,27847,,2873000000,10240000000
2026-08-16 10:59:36.834,3df75ad1-2e66-41e0-8bd0-2a833dc8c180,27847.6,27848,,2890000000,10240000000
2026-08-16 10:59:35.904,6f240f5e-253a-476b-8390-8a0a9a18524a,27892.62,27893,,2874000000,10240000000
2026-08-16 10:59:34.987,43fc7c6d-0aa5-4c5c-afca-3fab9fe8e79e,27941.68,27942,,2901000000,10240000000
2026-08-16 10:59:34.027,56693131-218e-4e81-b67d-0d2be910ed2a,27956.69,27957,,2870000000,10240000000
2026-08-16 10:59:33.117,3d467770-212b-4e41-9975-80359e984fb0,28001.22,28002,,2876000000,10240000000
2026-08-16 10:59:31.998,6fa7a333-f9b1-45ce-87a2-00d9d6e71fc6,27891.03,27892,,2871000000,10240000000
2026-08-16 10:59:30.825,f8771339-9b0b-4bd8-be8c-6fe6687928e2,27863.12,27864,,2864000000,10240000000
2026-08-16 10:59:29.652,03479516-0262-420d-9a6c-d448e5a7efd4,27840.57,27841,,2860000000,10240000000
2026-08-16 10:59:28.613,ed07d1e1-7047-4702-bfb4-852ec0c31534,27897.86,27898,,2856000000,10240000000
2026-08-16 10:59:27.549,c6b160ce-51f2-4086-8ad6-16c6fc2c18f4,27855.34,27856,,2921000000,10240000000
2026-08-16 10:59:26.389,67b9ebb5-ecc7-44cd-b6fe-77f3becce397,27878.97,27879,,2857000000,10240000000
2026-08-16 10:59:24.830,d13f0bb5-0ae1-4fb5-8601-05c96457bf0d,27452.8,27453,,2865000000,10240000000
2026-08-16 10:59:24.177,d77866e4-9f45-41d6-8368-4029859a9e6f,27998.06,27999,,2877000000,10240000000
2026-08-16 10:59:22.254,f86444c0-9f57-4540-af3e-12959ce6c7d1,27101.59,27609,507.31,2836000000,10240000000
2026-08-16 10:59:22.141,2c1d04d1-09a1-442f-b6c0-5c4cf8a8565e,27915.74,27916,,2862000000,10240000000
2026-08-16 10:59:20.098,a52c6737-b868-44a6-895f-5e8c1ebe9815,26271.19,26769,497.66,2840000000,10240000000
2026-08-16 10:59:19.519,f81d447c-5ffa-4170-bbc8-57c9a5d1c570,26701.82,27224,522.1,2833000000,10240000000
2026-08-16 10:59:18.629,ba2aeb4a-2bb1-4d99-aa09-028c12983abd,27465.99,27466,,2886000000,10240000000
2026-08-16 10:59:17.925,1ca0a43c-7ad6-48e4-96e9-81a3861dd05a,27922.53,27923,,2857000000,10240000000
2026-08-16 10:59:16.330,dc07cab4-9c5e-4f8a-9524-b151199ec446,27342.87,27343,,2881000000,10240000000
2026-08-16 10:59:15.875,aa49af5d-06af-4e9f-af1f-4194fabce497,27897.48,27898,,2874000000,10240000000
2026-08-16 10:59:13.863,542f0958-bf2b-4059-8e9a-b8c2eb79cac6,27948.58,27949,,2886000000,10240000000
2026-08-16 10:59:13.826,ab82695f-5e94-44c8-8652-79e827ce0fda,26892.76,26893,,2902000000,10240000000
2026-08-16 10:59:12.618,baf679ed-f7a3-401c-b82a-66d36162a895,27736.29,27737,,2853000000,10240000000
2026-08-16 10:59:11.766,a2404e25-c81c-44c9-a307-50f4aa0bb183,27901.45,27902,,2869000000,10240000000
2026-08-16 10:59:10.882,cbf594b1-2809-4b5e-a1e6-4124fbec59d2,28007.19,28008,,2908000000,10240000000
2026-08-16 10:59:09.693,bd08138f-1cf7-47b4-9828-a29f0cb89aa3,27832.2,27833,,2872000000,10240000000
2026-08-16 10:59:08.677,97d0c694-e68e-4f09-bd0e-e7442cc8c03b,27835.29,27836,,2853000000,10240000000
2026-08-16 10:59:07.823,9f18c0d5-127e-4460-8819-57f6f3a19264,27972.05,27973,,2850000000,10240000000
2026-08-16 10:59:06.084,5eef84f7-8df7-49d8-8610-c73e117ef63b,27213.74,27214,,2859000000,10240000000
2026-08-16 10:59:05.806,77f76b9a-6851-4bf7-80de-ca04b92531eb,27937.15,27938,,2866000000,10240000000
2026-08-16 10:59:04.795,20ba8181-d93c-4e27-badb-0231e2491152,27940.88,27941,,2875000000,10240000000
2026-08-16 10:59:03.701,3fe3422e-227e-4b90-aae9-644166f5ab8a,27845.65,27846,,2856000000,10240000000
2026-08-16 10:59:02.082,e8f0428c-57a1-4146-ad9e-6022adb8bc7c,27215.01,27216,,2849000000,10240000000
2026-08-16 10:59:01.514,d818054a-8dea-4449-84ea-3eed0d7c7c59,27651.94,27652,,2859000000,10240000000
2026-08-16 10:59:00.734,3619df0d-86fe-4bd4-88d3-b9ca23f9ce2e,27891.86,27892,,2878000000,10240000000
2026-08-16 10:58:59.241,db3eae0d-9475-47b4-bfbb-038d701fc73d,27369.34,27370,,2867000000,10240000000
2026-08-16 10:58:58.743,c909ac72-aa51-45e4-b6a0-28e9983a2641,27855.99,27856,,2845000000,10240000000
2026-08-16 10:58:57.862,8f48963f-dd66-4610-8f0a-bd5977f95b13,27958.64,27959,,2857000000,10240000000
2026-08-16 10:58:56.926,0713aac9-5e74-4c35-83d0-3a8ad135cef6,27999.95,28000,,2852000000,10240000000
2026-08-16 10:58:55.947,99e3d9a1-d399-4b22-836a-ca6fd78b9e87,27974.45,27975,,2848000000,10240000000
2026-08-16 10:58:54.221,329463df-749e-464d-bb1f-d86aeb7bd56b,27227.28,27228,,2835000000,10240000000
2026-08-16 10:55:52.803,a985612f-2957-4a8c-8312-27c58f585e58,27446.65,28015,568.12,2835000000,10240000000
2026-08-16 10:55:51.814,6d3a0091-59b7-40fc-a29e-426fa31a6897,27430.58,28014,582.52,2848000000,10240000000
2026-08-16 10:55:50.114,f7c3d5fb-d638-447a-9446-e1178a78f925,26904.86,27359,454.01,2841000000,10240000000
2026-08-16 10:55:49.737,a8322a90-7181-49e9-812a-d927a55d05c4,27602.95,28018,414.97,2857000000,10240000000
2026-08-16 10:55:48.222,a10a8c78-9093-4c67-b64f-cf8e1e75ffa1,26966.9,27491,523.26,2828000000,10240000000
2026-08-16 10:55:47.508,1d994a1c-2fe7-4673-818c-4c29fcb9720b,26864.86,27683,817.77,2830000000,10240000000
2026-08-16 10:55:46.866,8ff06093-4f7d-40e6-aa1d-355a6c719474,27477.07,28051,573.28,2843000000,10240000000
2026-08-16 10:55:45.822,f8f07901-574d-4749-81a1-d2c7e4d16123,27380.63,27986,604.65,2833000000,10240000000
2026-08-16 10:55:44.773,517806a5-e2ae-4c2a-8d47-feaa6decebd8,27460.65,28009,548.09,2834000000,10240000000
2026-08-16 10:55:43.912,f85fb494-90a8-4b4b-9618-86560a12ecde,27720.92,28138,416.93,2834000000,10240000000
2026-08-16 10:55:41.813,70b6d48f-8f4a-413a-a85a-f3677192321f,27235.52,27955,718.86,2840000000,10240000000
2026-08-16 10:55:41.639,da9ac685-32a1-43fb-aaca-1747ba455d35,26265.83,26787,520.71,2848000000,10240000000
2026-08-16 10:55:40.631,a670fc58-3389-4c9f-9b66-682a18f04cb2,27049.97,27795,744.49,2834000000,10240000000
2026-08-16 10:55:39.688,31ccac6b-8bce-4091-a54c-e9e2ed1a2005,27354.19,27830,475.22,2834000000,10240000000
2026-08-16 10:55:38.937,28de3f83-2dd2-4809-8303-d06329018c8e,27551.37,28102,550.63,2838000000,10240000000
2026-08-16 10:55:37.126,bd18fc5f-e86b-411e-b426-7a854b64100a,27401.53,27402,,2872000000,10240000000
2026-08-16 10:55:36.648,1bdbbf3c-e67b-4249-a0fa-0046a4331302,27913.94,27914,,2908000000,10240000000
2026-08-16 10:55:35.059,90733d04-1d76-43c4-a7a2-d872a07a2760,27347.07,27348,,2869000000,10240000000
2026-08-16 10:55:34.205,6c3f4055-c9b8-4423-9016-23cca576676f,27541.37,27542,,2853000000,10240000000
2026-08-16 10:55:33.611,a526738c-bcc9-4a0f-9a4d-37937255bda9,27989.75,27990,,2886000000,10240000000
2026-08-16 10:55:32.583,a3fe49c7-c48e-4bfa-9e2a-1dba9eb0ef8b,27981.44,27982,,2877000000,10240000000
2026-08-16 10:55:31.534,9b37244b-5a2d-4904-8460-94f4db1611fe,27920.67,27921,,2860000000,10240000000
2026-08-16 10:55:30.565,80b00494-7a51-4ee9-9c6e-9bbd9e31b193,27910.24,27911,,2874000000,10240000000
2026-08-16 10:55:29.294,05ff72d7-85e0-4506-87ba-1e06d0e9994e,27612.36,27613,,2857000000,10240000000
2026-08-16 10:55:28.231,06c2c9f8-f95d-4270-bb62-3afb63dc3a20,27493.1,27494,,2863000000,10240000000
2026-08-16 10:52:05.906,b5cb4be5-f132-48a5-a4cd-e5f0f73151e9,28149.73,28150,,2863000000,10240000000
2026-08-16 10:52:05.536,0ee1a44d-ffeb-45f9-8b65-3f8dd4eab032,26819.41,26820,,2846000000,10240000000
2026-08-16 10:52:04.711,d118be4b-93e6-4c6a-860f-7fa94cabfa0d,27891.54,27892,,2874000000,10240000000
2026-08-16 10:52:03.814,3db379cd-61ff-44a0-9dd6-27043fd23d8b,27965.61,27966,,2842000000,10240000000
2026-08-16 10:52:02.919,c95ec4f0-9fdc-420b-b4e1-7062cc572670,28021.19,28022,,2870000000,10240000000
2026-08-16 10:52:01.956,998e5ad6-fdcb-4525-ad21-7b76db24d529,28008.95,28009,,2886000000,10240000000
2026-08-16 10:52:01.059,34d4a592-35d0-4be0-8151-8c0e5a4d6077,28092.31,28093,,2841000000,10240000000
2026-08-16 10:51:59.966,060c3008-99d9-48ed-8230-c1d47a768e9a,27977.57,27978,,2869000000,10240000000
2026-08-16 10:51:58.905,3aaf5b8d-156b-490c-a9e3-04d45410485c,27896.44,27897,,2840000000,10240000000
2026-08-16 10:51:57.885,321b6aa3-f763-465c-a81b-ae252c439264,27840.52,27841,,2872000000,10240000000
2026-08-16 10:50:26.358,efa02adc-5455-4a97-aef6-da7a90b34855,28549.21,31453,2903.78,2842000000,10240000000
2026-08-16 10:50:24.961,a9387651-8005-45ad-ba96-473a341a14ed,29542.15,30290,747.47,2832000000,10240000000
2026-08-16 10:50:24.959,10b16479-9c76-4b72-9bd8-ce2a16d9e3bd,30618.58,35438,4819.34,2835000000,10240000000
2026-08-16 10:50:24.934,0257ce79-b9f5-4a7d-99dc-77ef996fc417,30594.47,33950,3355.02,2818000000,10240000000
2026-08-16 10:50:24.934,cbe6990f-64be-48e9-b8b9-8cfce8ccf003,30596.78,33138,2540.75,2857000000,10240000000
2026-08-16 10:50:24.929,8f866b21-e3c1-4ec4-8427-5cb5c1d3f41f,30589.98,36167,5577.01,2860000000,10240000000
2026-08-16 10:50:24.890,51565a6c-50bd-4873-b24a-f7cacb864874,30551.26,34458,3906.69,2827000000,10240000000
2026-08-16 10:50:24.884,5efa689c-7984-4cdb-abbf-d2730ed5f788,28613.58,29241,626.62,2846000000,10240000000
2026-08-16 10:50:24.876,5b20ce74-059c-4379-a4b3-91650a73de38,30539.21,34779,4239.11,2834000000,10240000000
2026-08-16 10:50:24.861,e6eaa5ae-3032-4920-b4a8-0827e6c069a1,30523.65,31992,1467.63,2817000000,10240000000